mV_1,uA_1,i1_bac1,i1_bac2,i1_bac3,i1_bac4,i1_bac5,mV_2,uA_2,i2_bac1,i2_bac2,i2_bac3,i2_bac4,i2_bac5,mV_3,uA_3,i3_bac1,i3_bac2,i3_bac3,i3_bac4,i3_bac5,mV_4,uA_4,i4_bac1,i4_bac2,i4_bac3,i4_bac4,i4_bac5,mV_5,uA_5,i5_bac1,i5_bac2,i5_bac3,i5_bac4,i5_bac5
-200.0,3.98409,3.984089999999999,-15.496899999999997,-18.288119999999992,-19.611789999999992,-20.216079999999998,-200.0,-15.4969,3.984089999999962,-15.496900000000085,-18.288120000000152,-19.61179000000011,-20.216080000000176,-200.0,-18.28812,3.984089999830613,-15.496900000159116,-18.28812000015618,-19.611790000233484,-20.216080000280428,-200.0,-19.61179,3.984089983877321,-15.496900016144608,-18.288120016043113,-19.61179000327476,-20.216079995580884,-200.0,-20.21608,3.984096031883825,-15.49689397953315,-18.28811399421582,-19.611783843948192,-20.21607375619555
-190.0,4.01287,4.3382253527121,-14.58705995013267,-17.36005967468831,-18.67413490027901,-19.27210268405509,-190.0,-14.83507,4.282896431929822,-14.632305684942558,-17.40327648082987,-18.716242559830235,-19.312684083584752,-190.0,-17.65506,4.446963157815678,-14.461965890551383,-17.233147375737843,-18.547402502540805,-19.146003264983637,-190.0,-18.94996,4.63027490763456,-14.269238796511353,-17.042270880799364,-18.35963202432699,-18.96287442049904,-190.0,-19.52547,4.777059129083558,-14.113342711866329,-16.88894723956162,-18.20998724145337,-18.81834814941888
-180.0,4.01287,4.713933826384923,-13.659731286058918,-16.412862164136854,-17.717653365600906,-18.310289056537115,-180.0,-14.25955,4.568176704183135,-13.787026900952904,-16.53775923034765,-17.84008071282142,-18.429043726310834,-180.0,-17.022,4.889496957803234,-13.45309557312049,-16.204190378564288,-17.508971901584367,-18.101895358614435,-180.0,-18.34567,5.248238490749615,-13.075964375869177,-15.830571699310193,-17.14137595914509,-17.74320343078144,-180.0,-18.92118,5.534743458745599,-12.771763399339322,-15.531303804971325,-16.84925408428886,-17.460962883754704
-170.0,3.98409,5.135588284503381,-12.693024422257901,-15.424748726156686,-16.71949779294077,-17.30791236445539,-170.0,-13.71282,4.825280810431607,-12.981305098298586,-15.711902910927172,-17.003705305035854,-17.585887679656086,-170.0,-16.47527,5.292278409337244,-12.49512877574714,-15.22604812056616,-16.521241941750706,-17.10851041334892,-170.0,-17.79894,5.810872913341856,-11.95005972666308,-14.685787008903905,-15.989549933522829,-16.58925444390416,-170.0,-18.37445,6.223300442347576,-11.512383126089766,-14.254995905265654,-15.568959435615346,-16.182621368842145
-160.0,13.1347,5.4830716863439095,-11.823032531858972,-14.53415722090217,-15.818854686064235,-16.40481862240199,-160.0,-3.12345,5.0396398261929125,-12.234735053545032,-14.945465004710993,-16.226968111297637,-16.8033320683094,-160.0,-5.71324,5.637823275998839,-11.610394773944613,-14.321020657814495,-15.60646368203315,-16.18810963770628,-160.0,-6.92181,6.293291197768758,-10.921722827026262,-13.637932609910395,-14.933956831148295,-15.530543213612521,-160.0,-7.43977,6.811730614487386,-10.371966330407604,-13.096439166333749,-14.405126992063861,-15.018777059628434
-150.0,5.04879,5.613721397155589,-11.209389768664597,-13.903119162417216,-15.179903520699806,-15.76596167133048,-150.0,-11.52589,5.202972607371516,-11.55927161786164,-14.250516431155043,-15.522024515925116,-16.093708867308468,-150.0,-14.23078,5.911574861394476,-10.817469069395342,-13.507666780810155,-14.783156036396148,-15.359228165023813,-150.0,-15.4969,6.673916892032975,-10.01703513253089,-12.712960893089942,-14.000371926933788,-14.592638854091206,-150.0,-16.07241,7.273279595095183,-9.38215075802021,-12.087017939214583,-13.388816394599084,-14.000067678974087
-140.0,4.58838,5.657349323536321,-10.711018725561534,-13.38896209045562,-14.658991909556441,-15.246761893595156,-140.0,-11.55466,5.3180272243813445,-10.95393073501188,-13.62605474043407,-14.887885914339742,-15.45611234074957,-140.0,-14.23078,6.102643288019752,-10.130267192837945,-12.79990146591652,-14.065207775964675,-14.63578982110791,-140.0,-15.52567,6.935541984536876,-9.25670693320255,-11.9315216855698,-13.209316573745902,-13.795965001836327,-140.0,-16.10118,7.586792696838963,-8.567868790432607,-11.251531629102622,-12.544590629179826,-13.15082477237545
-130.0,4.41573,5.765656279792136,-10.162119161468851,-12.823928192352566,-14.086523929030182,-14.676801073008654,-130.0,-11.32446,5.394356320762438,-10.409426376622669,-13.062691156869354,-14.315140117801507,-14.88116765041384,-130.0,-14.00058,6.204135035859443,-9.5576479014095,-12.206608982317226,-13.461499121952283,-14.026747767715667,-130.0,-15.2667,7.066345574593784,-8.654915906043383,-11.307814341636425,-12.574923513860211,-13.15469176173842,-130.0,-15.84221,7.7380032918298784,-7.945889863094045,-10.60675637061642,-11.889097247645546,-12.487690454253874
-120.0,4.32941,5.960135212126673,-9.538750025792122,-12.183496345157241,-13.438429536487076,-14.032171810771882,-120.0,-11.0367,5.441022084654606,-9.916253515066359,-12.550840973142275,-13.794217850418203,-14.359355326060045,-120.0,-13.71282,6.21327459931854,-9.103305468054891,-11.731549196518966,-12.975819164072114,-13.53602464478622,-120.0,-14.95016,7.060875968898647,-8.218239832903691,-10.848531075924363,-12.103893296598176,-12.675716403835075,-120.0,-15.52567,7.720721291868363,-7.523525613134002,-10.16016238703966,-11.429802942141313,-12.01837886844045
-110.0,4.30063,6.259468951035643,-8.818206102430008,-11.444787787134642,-12.692266229720893,-13.290656393720727,-110.0,-10.74895,5.463379967961817,-9.468376578773649,-12.08447435265415,-13.319159761647269,-13.884801788748243,-110.0,-13.36752,6.131686757008313,-8.765542078584534,-11.373142512173825,-12.606661191395247,-13.162330780224277,-110.0,-14.63364,6.920997419762422,-7.94468167021756,-10.551888461777645,-11.794537888321107,-12.357726915312373,-110.0,-15.20915,7.537877568284699,-7.297546900740997,-9.908835020922236,-11.16392846306787,-11.740627279278666
-100.0,4.24307,6.686342738820447,-7.973344961844495,-10.580881811628103,-11.820629537352223,-12.425151867182098,-100.0,-10.40364,5.462408732084716,-9.064203189517313,-11.66210753209652,-12.888600486399442,-13.456266862364854,-100.0,-13.05098,5.966073640445605,-8.536653132905725,-11.123861812671045,-12.3466224184395,-12.898584420142457,-100.0,-14.28833,6.656781451080208,-7.822804339618691,-10.406763200912241,-11.635926573295476,-12.190361255139567,-100.0,-14.86384,7.2023686727576735,-7.253370326673324,-9.838656135122179,-11.077639432597906,-11.64139033281323
-90.0,14.02673,7.112111614138118,-7.144897342797085,-9.733607284534923,-10.966713342422866,-11.579249918482539,-90.0,0.67491,5.436874090047009,-8.704448145883964,-11.284646655166247,-12.503603693133662,-13.074976511134144,-90.0,-1.82855,5.729314359327668,-8.4018804665044,-10.969184682371939,-12.1813610902364,-12.730885460801268,-90.0,-2.97957,6.287287203333406,-7.831028005459993,-10.391983946392292,-11.607184871919474,-12.153510702692845,-90.0,-3.55508,6.737635738014363,-7.364579501435771,-9.923810546170513,-11.14555648867452,-11.696339131681126
-80.0,5.36532,7.388458103130125,-6.496125952757003,-9.067805767766664,-10.296795196855948,-10.919281245475918,-80.0,-8.44691,5.390955296603442,-8.383923708645984,-10.947112566021037,-12.159332014842697,-12.7362915209009,-80.0,-11.0367,5.441781114892994,-8.338144668186677,-10.886317946270632,-12.088323742291687,-12.63725422465719,-80.0,-12.27404,5.841138616928832,-7.937180045278885,-10.475868822105001,-11.677035062042002,-12.216853620575286,-80.0,-12.87833,6.177904664827832,-7.592850368682465,-10.126686616966124,-11.330652668569206,-11.869731647184745
-70.0,4.87614,7.663512386130967,-5.864540770994407,-8.419882466591936,-9.645613320824932,-10.279696165760933,-70.0,-8.70589,5.340275573788123,-8.08502201833843,-10.632070369734958,-11.838441076204838,-12.423115332668,-70.0,-11.2669,5.132457247071788,-8.312999525726761,-10.843140254621234,-12.035690140028713,-12.586581225494218,-70.0,-12.50425,5.356783325366055,-8.098411260166664,-10.61612203948742,-11.803690628641977,-12.339729913566547,-70.0,-13.10853,5.568014400192472,-7.888347520371183,-10.398238258581644,-11.584604176965446,-12.114719829881462
-60.0,11.09164,8.01065230456218,-5.170435497090638,-7.709537788321511,-8.931723227831117,-9.578402727196188,-60.0,-1.45447,5.3098592565295,-7.780038621127887,-10.311970614282368,-11.513477245664003,-12.108327142308127,-60.0,-3.95794,4.839523620323063,-8.284165842751607,-10.797721851356252,-11.981895371127663,-12.538144885701673,-60.0,-5.16651,4.882318565417054,-8.261590332104934,-10.760201803557598,-11.935215709297928,-12.471465618695175,-60.0,-5.82834,4.962768208185738,-8.19064769896066,-10.678865384644297,-11.848650707977768,-12.374149601039436
-50.0,5.45165,8.350194756152918,-4.502252355153316,-7.026027162999213,-8.24508369288618,-8.905243529520027,-50.0,-7.46855,5.332103838092288,-7.433457777200376,-9.95145608143526,-11.149244697712998,-11.757190116238776,-50.0,-10.00078,4.610354524870688,-8.19970181344314,-10.698478126564288,-11.875782636338615,-12.441747226554254,-50.0,-11.20935,4.474790121993635,-8.364265380432917,-10.846248830553579,-12.010437746766735,-12.552234865782433,-50.0,-11.81364,4.425759899053923,-8.430227037690415,-10.899850780788293,-12.055002769168553,-12.58189215896104
-40.0,5.04879,8.792835420121671,-3.735909661404741,-6.244741338476587,-7.461349238210971,-8.137680767946598,-40.0,-7.66997,5.447783086582624,-7.000951980017603,-9.506349298650496,-10.701790433002392,-11.326330653828398,-40.0,-10.17344,4.500939785229399,-7.998784178650642,-10.484929944806346,-11.657356055149522,-12.238433662185157,-40.0,-11.38201,4.198900452514937,-8.336248545655526,-10.804632217165398,-11.960469202903047,-12.51451504607736,-40.0,-11.98629,4.027652318309591,-8.530520863118591,-10.985364193705088,-12.128806789223948,-12.664719478606838
-30.0,14.40082,9.32015465688077,-2.892628734330257,-5.3873320163332705,-6.602012718479573,-7.295923108655681,-30.0,3.12083,5.70543373846852,-6.430210153914522,-8.924471256533954,-10.119208375667407,-10.764509937219934,-30.0,0.67491,4.574677783000906,-7.613151107131112,-10.089121540901363,-11.2591827667564,-11.86184506708958,-30.0,-0.53366,4.125096297520192,-8.101842782099299,-10.560133092404703,-11.710858359488089,-12.285156417529135,-30.0,-1.33937,3.843917510152631,-8.410530732340078,-10.855010839692042,-11.99064579741279,-12.544705076813196
-20.0,6.37245,9.799756487862936,-2.1230431602652664,-4.605382771513808,-5.818532687970201,-6.52836951842884,-20.0,-5.59814,6.163489021822199,-5.658622514475815,-8.14329674995305,-9.339296394031111,-10.010336541258235,-20.0,-8.07283,4.90044643065823,-6.969298300755041,-9.437788264462382,-10.608536317845275,-11.240293561668373,-20.0,-9.2814,4.327046086670453,-7.582687600242135,-10.034744530222543,-11.1843479355843,-11.788047473150456,-20.0,-9.94323,3.9520848656071377,-7.9879149601909605,-10.42686360585554,-11.55951623610441,-12.142095070266082
-10.0,5.7394,10.381756839636335,-1.261492202803251,-3.7324309769213593,-4.944813804860745,-5.6713579257719715,-10.0,-6.08732,6.8932130815195425,-4.609988928016803,-7.086627344888712,-8.286224151884227,-8.988994584058526,-10.0,-8.56201,5.549791107912603,-5.991598878250165,-8.455446412351655,-9.630453226910644,-10.299731376488216,-10.0,-9.74181,4.8785666920639335,-6.701148646516001,-9.151014813546261,-10.304169620998136,-10.947308302325824,-10.0,-10.40364,4.428582724164572,-7.182458900172022,-9.620878618945168,-10.756182612165238,-11.378556775006663
0.0,5.45165,11.259314917257234,-0.09341494309663367,-2.5527093693442264,-3.7659723857705343,-4.513421752764517,0.0,-6.17364,7.973128714856507,-3.200719134314147,-5.670808673052244,-6.876715204499005,-7.618304239740695,0.0,-8.64834,6.59314473035192,-4.606436397378576,-7.06849611751724,-8.251794000423416,-8.967703451313085,0.0,-9.82813,5.8501189504359035,-5.38411307362756,-7.8357985926571105,-8.997740899701247,-9.690884125884233,0.0,-10.48997,5.3452971098749575,-5.919783072776682,-8.362555942247921,-9.506774507280936,-10.180675770327367
10.0,5.279,12.51175965546037,1.4676971806680226,-0.9794204256594206,-2.195734921306802,-2.9701100775924667,10.0,-6.17364,9.478784577463427,-1.3512432306822177,-3.816181115665236,-5.0314382933917825,-5.819878956484816,10.0,-8.61956,8.09533999736851,-2.7470568020025468,-5.210043032422009,-6.4060163715493665,-7.17799904791014,10.0,-9.79935,7.305054744224647,-3.566986408809145,-6.0242145415924195,-7.200565425384085,-7.954347711503553,10.0,-10.43241,6.766004674620019,-4.13511496828469,-6.586674974090853,-7.746458931376638,-8.48354133477186
20.0,5.13511,14.232939690186598,3.523582822730018,1.0885645076923902,-0.13317087486486767,-0.9436390187400647,20.0,-6.11609,11.47486053179806,1.0052492430550517,-1.455816454127599,-2.6836883040377195,-3.5275730816158766,20.0,-8.53324,10.110933117671765,-0.3585567820494267,-2.8248556736931785,-4.03808116281564,-4.875437344516117,20.0,-9.71303,9.295848582754752,-1.1976356073989292,-3.6635573671425172,-4.860088190984386,-5.684670526200413,20.0,-10.31732,8.74286143681105,-1.7769282253926215,-4.240911866118566,-5.42299925507934,-6.23423847773062
30.0,5.04879,16.543378126369575,6.2038776611379305,3.7802657543037315,2.550388576945598,1.6909187377842463,30.0,-6.001,14.008015195835602,3.915013787847344,1.4567386520464842,0.21291613900172301,-0.6949141767829752,30.0,-8.41813,12.679857012335743,2.597568321030586,0.12611694546078672,-1.1089193771874206,-2.020232951753154,30.0,-9.59793,11.860569403786526,1.7599971466752475,-0.7168921270028502,-1.9392373661612952,-2.8437033944928216,30.0,-10.20221,11.31314119400335,1.1897556875051944,-1.2891373359822103,-2.500003315272572,-3.3950556667536826
40.0,21.73856,19.327416978414103,9.372115865388396,6.959023932871489,5.719156136972032,4.802063644873751,40.0,12.84695,17.1023516009444,7.399038630933391,4.942814777401836,3.679814336545089,2.700453058641324,40.0,10.45857,15.823827900161348,6.139780959544782,3.662127022225127,2.400995426001865,1.4084973493859252,40.0,9.19245,15.019840719922223,5.322871506432072,2.833927296409664,1.580601154151066,0.5888792331685455,40.0,8.09899,14.496415695766828,4.780601466868425,2.2858006881226665,1.0403306038990472,0.05377760277736656
50.0,8.76083,22.436186388061643,12.850683190308015,10.447440819459821,9.196952156841887,8.220611326443839,50.0,-1.33937,20.762419749885108,11.456966533188549,9.002588092170301,7.717463359302692,6.660604290921842,50.0,-3.75651,19.543720013855093,10.2639812499024,7.780122652149448,6.489180384330084,5.410287247912586,50.0,-4.96508,18.77450522875631,9.4866379136061,6.986033382284542,5.697390082738671,4.613378828230009,50.0,-5.74201,18.292352669952002,8.989906087476804,6.4799843232341034,5.195140627705689,4.111990273269322
60.0,7.55225,26.24122868244242,17.03931168145653,14.646354007870416,13.38299173184302,12.339133308216699,60.0,-2.54794,24.97244870020806,16.067071928694983,13.615070035213185,12.30533933687524,11.167214661756407,60.0,-4.96508,23.81790584080064,14.94207196426279,12.453312499698868,11.129737341085663,9.961888606437228,60.0,-6.14487,23.104164861443962,14.224405434377088,11.714278266688446,10.38718837614646,9.208772978703783,60.0,-6.89303,22.679278919609494,13.789398505860495,11.267163813779066,9.93963844799447,8.757941910737197
70.0,36.75936,30.76537789079858,21.964718830417944,19.582681099374778,18.303357329508483,17.18353251912921,70.0,29.16263,29.68482316435305,21.17416918685365,18.726006561616064,17.389925899422487,16.16971193697402,70.0,26.80305,28.601734564344053,20.1217541294526,17.630942890761524,16.273146648026632,15.01699405993601,70.0,25.50815,27.96671608636931,19.48659685663998,16.971032006228974,15.603943422761326,14.332418690737082,70.0,24.12692,27.613616156832794,19.12798893625886,16.598423264884328,15.226751009784543,13.948162424465888
80.0,16.70286,35.699641092967944,27.278140339695174,24.907432687800856,23.610357530332415,22.417990276088027,80.0,8.15654,34.816854762752854,26.68639595260151,24.24467190040412,22.881584699232512,21.58212039565987,80.0,5.7394,33.828595176184656,25.728007373265218,23.239739404891026,21.847706663371852,20.507555292587632,80.0,4.50206,33.29893627666941,25.2019291860315,22.687083755262428,21.28036284843336,19.920796018663,80.0,3.32226,33.030249832558646,24.93251095141114,22.40281966330721,20.987710930227745,19.61780660777337
90.0,13.79653,41.58811823843428,33.54173926138472,31.183507151584703,29.86573898712002,28.601413961535417,90.0,5.04879,40.25067044455095,32.4760106559792,30.04468474849614,28.65540347142895,27.283613050241485,90.0,2.68919,39.41287049941452,31.666556433007056,29.18731211955175,27.762911720083636,26.346990758129138,90.0,1.45185,39.01809045099658,31.279465133029493,28.773592817093284,27.329811190785993,25.891242604223105,90.0,0.38716,38.843839665704245,31.1094437912367,28.588986560514424,27.133587007223795,25.68202039418039
100.0,106.59742,47.7273106082561,40.05255056185661,37.708749091613534,36.36880393593029,35.03450442870356,100.0,100.66969,45.83201240074231,38.37827555265322,35.96287695036227,34.55009115483195,33.11730367168205,100.0,98.25255,45.2548782557222,37.8293898546077,35.36758858390277,33.91482802182893,32.43535219999092,100.0,96.785,45.0244218032219,37.611569683751995,35.12492679670887,33.649068597683986,32.1445247627604,100.0,94.91459,44.95102985324781,37.54754860326871,35.04764169773643,33.55769567921368,32.038167435775804
110.0,64.93054,52.22828602971546,44.85521349653896,42.52966708407441,41.17255610702777,39.79046001502824,110.0,59.14668,51.41489296498774,44.236954838167364,41.84473138577751,40.41330618725639,38.93525263336162,110.0,56.72954,51.24715767770498,44.10165880971048,41.667602656580144,40.192794194220454,38.66578858667495,110.0,55.23321,51.2042844701687,44.07749673203104,41.622116880445574,40.1216835024657,38.56798826040359,110.0,53.33403,51.233473059067485,44.12130722478734,41.65489413706663,40.13879226030225,38.5688243394619
120.0,54.91669,55.391897292669135,48.22395100571269,45.92260148668258,44.556422564547894,43.157273995479194,120.0,48.87383,56.927876570640095,49.97325199418883,47.61320696730684,46.17021379378476,44.66620864686914,120.0,46.45669,57.27968571794597,50.36746947123708,47.973156304595875,46.48496938306811,44.929854334799515,120.0,44.98914,57.43362773481731,50.547279864805404,48.13661128850258,46.62160435892243,45.038986911794794,120.0,43.23384,57.56155070181811,50.695021258569724,48.276216703287794,46.74491264527382,45.14542591822877
130.0,49.16159,58.51726794720671,51.480061179447624,49.209486741956084,47.84174933542754,46.44958595770665,130.0,42.94608,62.369937161979244,55.58329155019945,53.266093109225054,51.82065544522502,50.312288580040295,130.0,40.58649,63.24133342289816,56.511755822379335,54.1705482422099,52.67993479354718,51.11890594906724,130.0,39.09017,63.58161966116668,56.8856831987188,54.53409142623134,53.01686082810297,51.42837278027941,130.0,37.42119,63.798654508305475,57.12741437931114,54.770935392944764,53.237723475516425,51.63242952879392
140.0,45.21935,62.22015688865075,55.259451234303455,53.02589322521954,51.66447228340284,50.2977181015936,140.0,38.88875,67.74702723009078,61.07404787625619,58.81185532200442,57.374964134287076,55.884981754568585,140.0,36.55793,69.01774839710153,62.41833614491619,60.144481015552984,58.66447008284326,57.12173350600121,140.0,35.0616,69.51439576906206,62.95617509350589,60.678323418795166,59.17327422253047,57.60403955714167,140.0,33.45018,69.80588570901055,63.27657676247883,60.9970834790219,59.47723596471557,57.891864431569154
150.0,42.28425,67.00958407078775,60.084503802243475,57.894738366439825,56.547918436335735,55.22197908282463,150.0,35.83854,73.01553056706362,66.40547403795819,64.2117036962893,62.79602436820697,61.347577050870804,150.0,33.50772,74.48877292399862,67.96728080811664,65.77528171091649,64.32064340965313,62.82156122896104,150.0,32.04019,75.09910043462467,68.62508318588714,66.43521400988388,64.95837404137366,63.43470479636156,150.0,30.51508,75.44701807981468,69.00508615342248,66.81646314346952,65.32673441973752,63.788126919243396
160.0,39.95344,73.39318642989706,66.47170045799281,64.33441113651457,63.01095720601112,61.73921949340901,160.0,33.45018,78.04242733057625,71.44964698662184,69.33862133566636,67.95826237951452,66.57439245255281,160.0,31.14815,79.52896496285237,73.03523064392202,70.93908323694176,69.5258634954746,68.09604669741051,160.0,29.65181,80.20840865573335,73.76612216402185,71.67727288727201,70.24573096825249,68.79414735071603,160.0,28.18426,80.59355002058808,74.18512536066457,72.09974152060379,70.65775480618758,69.19286471381591
170.0,156.92574,80.01123325203916,73.06341017811998,70.99021797681608,69.70181108348756,68.49977820928456,170.0,150.5376,82.60154655179325,75.98638698725074,73.97276912917134,72.64295421491845,71.3461559195477,170.0,148.20677,84.01354657825854,77.50105792911151,75.51336933316541,74.1583002921732,72.82267073397638,170.0,146.65291,84.7255323844277,78.26531150634901,76.28850877495235,74.9197422757536,73.5659399625318,170.0,145.07024,85.12963851529304,78.70338961289254,76.73137976757097,75.35492018816826,73.98976366977766
180.0,116.06456,84.19943520348697,77.19830164400975,75.20451907061519,73.96604715661861,72.85281085045577,180.0,109.21599,86.45472627407231,79.78410071208103,77.88202768308429,76.61857020348782,75.43021975555851,180.0,106.94274,87.8292943367243,81.25642938244874,79.3874594575661,78.10725830436519,76.88909856751032,180.0,105.47518,88.54940640442534,82.02599629745959,80.16948115343222,78.8806001154852,77.64841033572306,180.0,104.12274,88.95667482280676,82.46554938835436,80.61416334946053,79.32040864087121,78.07901637642226
190.0,100.87112,85.90421321663355,78.83847185103285,76.94269568330482,75.76901960550383,74.7614978466413,190.0,93.64846,89.46382374246312,82.71139296680867,80.93326456901254,79.75183507663922,78.69144412494224,190.0,91.40398,90.88607342198672,84.21700178167885,82.47368577687763,81.28426744819596,80.20428416033327,190.0,90.02275,91.59948465090116,84.97342220743816,83.24196492874205,82.0489080917765,80.95929797319498,190.0,88.81419,91.99724540113382,85.4000219922945,83.67308621043256,82.47781235570253,81.38123295522092
200.0,91.11622,86.54986000982993,79.42782325246434,77.65267451573546,76.55865875318499,75.66942665269146,200.0,83.6346,91.61345802717109,84.75897375235519,83.11389307962384,82.02917052515909,81.11364123451014,200.0,81.41889,93.12378265902143,86.32904912314609,84.7140850778104,83.62972774795229,82.70516344606783,200.0,80.03766,93.81954099105609,87.05827870083446,85.45264442082728,84.36936922270205,83.43953044352173,200.0,79.00175,94.19823616723721,87.46082250723911,85.85835524816684,84.77515850593711,83.84056362921194
210.0,83.95113,86.85727769997575,79.69993939243741,78.07446465369186,77.07780762798346,76.31824728341468,210.0,76.3544,92.95197690876475,85.97964179199577,84.47148208339593,83.4961926902651,82.73917231909115,210.0,74.13869,94.51313789718587,87.56999605715244,86.08110448748322,85.11361765548604,84.35744965256582,210.0,72.81503,95.18009161523293,88.25884529671771,86.77546832152103,85.81318144964067,85.05575394910836,210.0,71.83666,95.53288595604764,88.62931403145069,87.147327031663,86.18690560736123,85.42684316486252
220.0,78.33992,87.32802153041501,80.16248552101192,78.7249745325091,77.8473565730456,77.23166254809843,220.0,70.71442,93.53309176093765,86.42930766645019,85.05433568494317,84.1980776765632,83.60927180351776,220.0,68.4987,95.05275275927386,87.94536743358391,86.57485568873815,85.73281169428665,85.15307636153065,220.0,67.20381,95.67937350417202,88.5816878607581,87.21260238294484,86.37907892899625,85.80155296886086,220.0,66.28298,96.0016647757496,88.91474735728285,87.54525536033219,86.71479308420834,86.1366286471433
230.0,73.82217,88.36410550792736,81.22067721456041,80.0206802467864,79.28963727026328,78.83760378090291,230.0,66.13912,93.37869870715885,86.12971179505855,84.87372014931098,84.14148824741338,83.72570990778628,230.0,63.98095,94.76592552506573,87.4855939144519,86.22038440641083,85.50848971018537,85.10777709122019,230.0,62.68605,95.3430230014294,88.06105354097564,86.79410957818016,86.09314643126741,85.69748044380586,230.0,61.82279,95.63192754359594,88.35355516599103,87.0848002526291,86.38749092227822,85.99306875940016
240.0,152.23534,88.9985818572076,81.77693075312094,80.76320338042608,80.15604516643916,79.87614877694091,240.0,152.83962,92.47347709763474,85.06538320069053,83.90216243993873,83.29342991909706,83.04952291618761,240.0,157.73143,93.69934058832011,86.24485044833193,85.06713097382138,84.48581957132645,84.26099673904966,240.0,160.09103,94.22262506873764,86.75713041504052,85.5764950773002,85.00753704360126,84.79001995890941,240.0,160.40758,94.47636265938776,87.00743417012255,85.82431556624799,85.259060194848,85.04460448720978
250.0,101.2452,87.62943405661885,80.12661952656774,79.11113036188678,78.54366810024057,78.41448401649731,250.0,91.34643,90.81798945189415,83.24295117010723,82.13830243539914,81.6486058956156,81.56906751350672,250.0,91.26011,91.92359237653743,84.30165544890048,83.190183568642,82.73546375138356,82.67768443132739,250.0,90.59827,92.39320739912255,84.75323597774428,83.6401432535931,83.19810882465637,83.14948335706079,250.0,91.0299,92.61031477112724,84.96030868661688,83.84499254297437,83.40629301969203,83.36255726722177
260.0,88.84297,84.75119154574196,76.95137226497127,75.80664319808325,75.26073179123124,75.25381202947621,260.0,79.00175,88.4910432806192,80.75605527907594,79.67698786122078,79.30114171732022,79.37295587614665,260.0,78.08094,89.53290311298962,81.75831945859214,80.69012956507466,80.35360219155119,80.44862213107194,260.0,75.894,89.94966743707248,82.15191787772113,81.08559364349163,80.76091463791738,80.86676269236375,260.0,75.95156,90.12811680455339,82.31432552186085,81.24699520158244,80.92505744500107,81.03771655925053
270.0,81.50521,81.52537298638548,73.5563111420167,72.28228320016824,71.82424466967059,71.93213969877074,270.0,72.00931,85.64258816336499,77.77141879658282,76.69340675917998,76.42602878855962,76.63180795427404,270.0,69.36197,86.64127881069099,78.7364124515318,77.6884505258287,77.45736960917768,77.68613357761944,270.0,68.12462,87.00216433485734,79.07001296430394,78.0286805284134,77.80756114499151,78.0489361150385,270.0,68.00953,87.13862168833076,79.18508634602962,78.14478409976252,77.92583234141223,78.17609827656415
280.0,76.23931,78.26726114281921,70.22753895920364,68.89276743630344,68.58669094274673,68.82293284796579,280.0,67.11749,82.44316025566509,74.47085824536664,73.37854978035806,73.21064287323043,73.52880323016076,280.0,64.00974,83.3751135686846,75.36855445213529,74.31885070960902,74.17622125343796,74.515674532216,280.0,62.88748,83.67068243561255,75.63290629842166,74.59478180515598,74.45967926210756,74.81395501732051,280.0,62.65729,83.76017669785584,75.69637640241658,74.66188313020528,74.52867498426944,74.89410391535755
290.0,72.15319,75.12157242808082,67.08232081868496,65.79762179756105,65.69785419533281,66.09223496162443,290.0,63.3479,79.05191004026706,71.01821639844377,69.90084471629218,69.81519671176862,70.21884142201021,290.0,60.03872,79.86445768437693,71.78910906360157,70.71742641010448,70.64232257689848,71.0664466903487,290.0,58.94525,80.07915661791418,71.96842266610336,70.91263470331023,70.84295938409322,71.2848526744538,290.0,58.62871,80.115324023512,71.97468741226808,70.92538829229107,70.85790801397297,71.31335589391958
300.0,68.67136,72.1586475184825,64.16349408557255,62.95659624530422,63.02119843256819,63.52603348635497,300.0,60.55667,75.60558778057313,67.55018630592616,66.39572521101753,66.3643820992679,66.82065341065034,300.0,63.43423,76.23493397212422,68.12588914032808,67.01408263228531,66.98243606068246,67.46355772654074,300.0,68.93033,76.34963196668342,68.20085418604002,67.10825135877121,67.08127019951239,67.58397993109692,300.0,74.31136,76.32553030940042,68.14384776586839,67.06053651097466,67.03683168972913,67.55550629708299
310.0,66.02401,69.40841548498359,61.47911474482033,60.24839015318831,60.31121568331636,60.775849487398,310.0,57.73668,72.21438626676483,64.17401621598806,62.96753618404948,62.95483103337052,63.428285846552846,310.0,56.72954,72.60120761296689,64.49370868974059,63.3260915325224,63.31206152900409,63.82242525067394,310.0,57.33383,72.5969002394623,64.44557795144178,63.29940625390595,63.29130608508392,63.827698025056264,310.0,58.19709,72.50624061553002,64.32006018283968,63.18564191040463,63.182757694186925,63.73730982259646
320.0,63.60687,66.87400220277533,59.02771365639898,57.70172281963621,57.65811122507505,57.99228229414557,320.0,55.52096,68.96162296669476,60.96863433356146,59.69589326446774,59.666259352454595,60.125882347497175,320.0,54.13975,69.06228974717162,60.98994784163093,59.753763149860056,59.73151113426889,60.24491236109593,320.0,54.13975,68.9239617366813,60.804606293132146,59.591041227473,59.578076910634884,60.121829991073916,320.0,54.45627,68.76251981301439,60.60760832327271,59.40766936847476,59.40262572855784,59.966220792934074
330.0,61.47749,64.54686660745288,56.79913491618059,55.37865997104404,55.220648628456814,55.429235386929854,330.0,53.593,65.90575087842083,57.987384040076805,56.6385113150579,56.56277570902692,56.98703770291609,330.0,52.01037,65.6986722166485,57.69203839579084,56.3779003629997,56.32337197534519,56.816500109743316,330.0,51.72261,65.41854536851659,57.36328520098243,56.071800751045046,56.03143118454185,56.55806111063225,330.0,51.26219,65.18549223783607,57.09543577098323,55.818657872118244,55.78941115321358,56.3367257896223
340.0,59.57832,62.4151132910924,54.77527679476881,53.268970824414914,53.003109746579675,53.12251151907627,340.0,51.86648,63.08356323965018,55.261602821162434,53.83186447694408,53.68903281249779,54.066120957361626,340.0,50.1975,62.571122940396585,54.6566443257429,53.2587719509795,53.15113410953139,53.60435867958213,340.0,49.7371,62.15080388436987,54.188235004465234,52.81179402171209,52.723708337234285,53.21140206658258,340.0,48.93138,61.849725577178724,53.854731160636746,52.49313728264518,52.41946852112754,52.927564632336704
350.0,57.88056,60.46412124515573,52.936850774375166,51.35526624008295,50.99324248808838,51.080206757534896,350.0,50.34138,60.51381255545041,52.80463711860731,51.293712920542674,51.070419491975436,51.395309216772255,350.0,48.58608,59.720879433289774,51.92024214596013,50.436423409685695,50.25901058209727,50.65658289691347,350.0,48.01057,59.17219699105398,51.32652133552691,49.8615828172167,49.708538120232944,50.13876476378008,350.0,47.06098,58.81163461908225,50.93757951177189,49.48660893628267,49.35088820812174,49.799928265054
360.0,56.38422,58.67746270330201,51.26446403000195,49.618403566778866,49.17359961341463,49.29490287180245,360.0,48.96016,58.200874171841605,50.61584952645178,49.02689560891299,48.716261338503834,48.986332731750515,360.0,47.14731,57.17093979762329,49.5007743265782,47.93209549838365,47.672878094544814,48.00272466169165,360.0,46.48547,56.515488855736834,48.805958709230474,47.25231226670946,47.0207332029864,47.37863072317783,360.0,45.42078,56.108911112179314,48.3766686200533,46.835089197142054,46.622876496184276,46.9966569038695
370.0,54.83037,57.04050350583701,49.74202809408628,48.04137861202832,47.52414027073877,47.685318397440625,370.0,47.55017,56.13821665161831,48.68428468636011,47.022990133663676,46.62331887363059,46.834385998901546,370.0,45.7373,54.92814594641033,47.4000491306152,45.75045367344222,45.40210318217822,45.65547881322943,370.0,45.21935,54.19572112385774,46.63638594806738,44.996837080557334,44.67715691987722,44.951717843878214,370.0,48.44219,53.76092284499964,46.185975867087244,44.555650653621115,44.25610778930979,44.542399815993036
380.0,53.67933,55.54038677411016,48.3552485795594,46.60822287490924,46.02466344198384,46.1465701943476,380.0,46.54302,54.31146357279432,46.99181315756143,45.265556822396206,44.77917177377345,44.92491112448091,380.0,44.67261,52.98577155743002,45.60658661050989,43.88232888118618,43.44196915441179,43.613192804521525,380.0,43.92445,52.21197851205086,44.811712150768955,43.091651271496055,42.67839927818505,42.86248703180196,380.0,44.06834,51.76997208765423,44.362308796655164,42.647841920298184,42.25394485863475,42.44464361655756
390.0,52.49955,54.1614661423064,47.086964671424035,45.30110030844911,44.65909768294547,44.69410628721309,390.0,45.47833,52.701023170726295,45.515791484843646,43.73294352780891,43.16523167724232,43.24005729895876,390.0,43.57915,51.3263606117791,44.0986519259658,42.307703736158686,41.7764339370815,41.86275768083107,390.0,42.77343,50.54974004605293,43.31251223264725,41.51940539635135,41.011064544823014,41.10128770211053,390.0,42.68711,50.1232632674459,42.887534541796384,41.095826484924046,40.60438187205911,40.69547261142229
400.0,51.40608,52.88895713706813,45.921635765797866,44.10428388954177,43.4135251984964,43.36810619611332,400.0,44.49996,51.284368335132164,44.23134353713866,42.40069039181119,41.75920822221611,41.760774047301254,400.0,42.572,49.92460197410493,42.84726180592751,40.998719600013644,40.38098451743301,40.38248407837033,400.0,41.76628,49.183602789526454,42.10894941275673,40.251789808396566,39.650462402196524,39.646926017466335,400.0,41.53609,48.795403377697426,41.7313095820657,39.871054909774976,39.28253701222738,39.27389476042808
410.0,50.39893,51.711245023910806,44.84759994046544,43.00546930267678,42.2738787143911,42.15861891414637,410.0,43.57915,50.03790291997226,43.113182204597386,41.24344937229778,40.5370623888968,40.46648975170677,410.0,41.65118,48.750065857253404,41.81899375396811,39.92252396207873,39.22540036697052,39.144764878449244,410.0,40.8167,48.08017355364236,41.16381511440383,39.25257229829394,38.563499239290024,38.469448681471924,410.0,40.52894,47.75124618127073,40.8541120908721,38.93527294164794,38.253507089793985,38.14855092056298
420.0,49.44934,50.617731569123315,43.85491765562824,41.993576318799406,41.22782877308927,41.053451324852595,420.0,42.71587,48.93834846919992,42.1369005718518,40.23638237318968,39.47454864302554,39.335640976933654,420.0,40.78792,47.76967084422994,40.97847378243335,39.04382461569723,38.27628571089539,38.11847548104078,420.0,39.92466,47.20094443895224,40.43550115660061,38.48060043900443,37.711583282559126,37.53295822632205,420.0,39.60814,46.94889183130276,40.21038306881087,38.24366968743734,37.4753950565073,37.28062232924217
430.0,48.44219,49.60094721611759,42.93659348085566,41.06036295159253,40.26678425131582,40.04251083886848,430.0,41.82385,47.963693370674875,41.2797963198895,39.356109101471645,38.54833077548308,38.34674701136521,430.0,39.89589,46.94979486733249,40.290466304182935,38.327064888399846,37.499274032883825,37.27108124649789,430.0,39.00385,46.504996823517565,39.88075129584629,37.89260936617547,37.05338345065244,36.79830424013908,430.0,38.65853,46.34266540518052,39.751597602120235,37.74798318778542,36.90233125404101,36.626760051867436
440.0,47.69404,48.65513301789513,42.08625528056236,40.19849117760819,39.38300192669002,39.11668440441332,440.0,41.19078,47.093746062869705,40.52131979174582,38.58127461717245,37.736672681027514,37.4791994024764,440.0,39.26282,46.25798574491237,39.72153341805965,37.73817740434757,36.86084914706161,36.570409663099085,440.0,38.37078,45.95141219746122,39.4570755679749,37.445711054040956,36.54731367164653,36.225525523965054,440.0,37.9967,45.88591882841888,39.4291115169816,37.39940316478292,36.4873285778302,36.141878174963836
450.0,46.9171,47.77213351313883,41.294941464584554,39.39871763148714,38.566283972615096,38.26444665242014,450.0,40.50016,46.31042481830179,39.843310571642014,37.89287462671285,37.01987100115615,36.71383040482212,450.0,38.54345,45.6642626347357,39.24126528438511,37.24590902059378,36.32976347822274,35.98606091011092,450.0,37.6514,45.50130387309655,39.12474822661313,37.09947813353867,36.15364882710984,35.77595004906625,450.0,37.27732,45.53352826209721,39.19665877511112,37.15113985041356,36.18483814089569,35.78167756705615
460.0,46.16894,46.944134770372216,40.554719593017985,38.65349393154878,37.80798279413519,37.47577893675768,460.0,39.83833,45.597946372441086,39.23015709059233,37.27445415826668,36.38056859875207,36.033365137360704,460.0,37.8816,45.142025236334504,38.82310586360543,36.82273443052439,35.87806027770732,35.49045345029291,460.0,36.98957,45.11941838142212,38.848345768200815,36.81757127146836,35.83621280938208,35.413891651893614,460.0,36.58671,45.24399068310659,39.012408524416095,36.96056098714539,35.95290302744587,35.50479671801281
470.0,45.47833,46.16549092119594,39.860504410709424,37.95741066967476,37.10184029994837,36.74338674031249,470.0,39.20528,44.942906072080234,38.66882836585264,36.71214673115117,35.803903949578064,35.42270273471375,470.0,37.27732,44.668602872360616,38.444811592334474,36.44539229408689,35.4817233279346,35.05951790975836,470.0,36.38528,44.77528731339608,38.59781375814286,36.56889212378295,35.56361137556719,35.107913039693926,470.0,35.98242,44.9810566612193,38.84052530670203,36.79083382982112,35.75484093526743,35.27451823073799
480.0,44.81649,45.430957808575194,39.20832835004043,37.3049794848178,36.44171556907565,36.060826534740286,480.0,38.60099,44.334211097091405,38.148724198846836,36.19455503169867,35.27747892939886,34.868986372828374,480.0,36.70181,44.22548618081482,38.08859115344147,36.09509026432536,35.12099114723597,34.673067037794894,480.0,35.80977,44.443938184133714,38.34907878018322,36.3282725604751,35.3100111677923,34.831652511949336,480.0,35.34935,44.71486904915509,38.652209363492176,36.61204303817414,35.56041973378039,35.05999187029998
490.0,44.15466,44.73628613143317,38.59461788224951,36.69167711784503,35.822586248645514,35.42302079539358,490.0,38.05426,43.762914177225994,37.66141187187965,35.712551816088514,34.79122025268744,34.36152354050556,490.0,36.12629,43.798292620151045,37.74098375945437,35.757434245031824,34.78038358293195,34.3148826505694,490.0,35.23426,44.1061957791288,38.08424407226913,36.07673435784048,35.055490484697,34.56423577651965,490.0,34.80262,44.422607620139715,38.42622448924952,36.4017868652611,35.34652133181537,34.836965828226326
500.0,43.49281,44.079345879474126,38.01642812422426,36.115052236403784,35.2416226773204,34.82639487910012,500.0,37.47875,43.22196402770442,37.20032235822853,35.25901124304719,34.33714872495948,33.891594460017586,500.0,35.55078,43.37652194883782,37.39253781069063,35.422141106755134,34.44849489383293,33.97256937541422,500.0,34.65875,43.74862290582081,37.79142383755976,35.80137138200449,34.78600651191133,34.29031357066772,500.0,34.19834,44.0886661862655,38.148947112449264,36.14528157285876,35.09731724563631,34.58804551665204
510.0,42.97487,43.458121309123804,37.47125196098081,35.57269907960215,34.69613763583402,34.267711950809606,510.0,37.01833,42.70588015590231,36.76043369158801,34.82847173519923,33.90906118959308,33.452177970352274,510.0,35.11916,42.95315950199699,37.03735053067148,35.08259448477457,34.11761002408466,33.637229394195415,510.0,34.22712,43.36316136372312,37.46428176727494,35.49491835784496,34.49303749012393,33.99978004608293,510.0,33.76671,43.704410415794854,37.81399134819389,35.83502653956073,34.80400277663932,34.302522625577794
520.0,42.42812,42.86871333215125,36.95545731035557,35.0607014598967,34.18201209018378,33.74246323443172,520.0,36.55793,42.21044737763372,36.33798355628814,34.416818717629596,33.50221694014651,33.03767491536298,520.0,34.62997,42.52418331319313,36.67252389352385,34.7353006998493,33.78320012486916,33.30301252048004,520.0,33.73793,42.94654042223598,37.10134434351623,35.155076882712244,34.17296679594036,33.68723598018203,520.0,33.27753,43.267580874517265,37.42148021632445,35.47009950981668,34.46415505233233,33.975835606920086
530.0,41.91017,42.30742033596828,36.46545094917748,34.57571263630908,33.695761257126684,33.2464423672525,530.0,36.09753,41.73250428293379,35.9302541332209,34.02104676407875,33.113091142345816,32.6436874998793,530.0,34.19834,42.0880240922765,36.29758362246506,34.37929462894355,33.443347824366974,32.966591158666304,530.0,33.30631,42.49952164032061,36.705159708226226,34.78367095559708,33.826279521279595,33.351265130607956,530.0,32.84589,42.7814165863604,36.97704301765592,35.05516270918634,34.0807930468358,33.60873582540192
540.0,41.39221,41.77189782360059,35.99884583336694,34.115204633336944,33.23477513022726,32.776405705874794,540.0,35.66589,41.26977730637554,35.53540101876639,33.639059767551906,32.73915646901319,32.266826579611795,540.0,33.76671,41.64501647693911,35.913897629025485,34.01553514503447,33.09814391770476,32.62660168845781,540.0,32.87467,42.02604628716337,36.281369230500104,34.385701786982196,33.45664155381985,32.993592077725445,540.0,32.41427,42.25357983760439,36.49062331185083,34.59926632235221,33.66122511924779,33.206241321479915
550.0,40.93181,41.26007281770358,35.55383998057454,33.67683749458757,32.7966828985397,32.32986190541793,550.0,35.23426,40.82070768111045,35.15227901211563,33.269477825077246,32.3786637889787,31.904506581351836,550.0,33.36385,41.196870571989216,35.52412097570834,33.646320503039,32.74908902001994,32.283086296672,550.0,32.47181,41.532345935918705,35.83775242309152,33.96836603675378,33.06992726302161,32.61818651774075,550.0,31.98262,41.694963517342075,35.97518160925819,34.11453657545518,33.21577191663834,32.776462740686895
560.0,40.44262,40.77000970726788,35.129099085907384,33.25877440009756,32.37966573798016,31.90537721600235,560.0,34.83141,40.384288222512616,34.78026530167623,32.91145977219425,32.03043264300133,31.554720296708243,560.0,32.96099,40.74618591373179,35.13168761272835,33.274746778721884,32.39852732175782,31.936963825052544,560.0,32.06895,41.026068981076776,35.38329753010288,33.540093871070304,32.67325555340123,32.23037299214095,560.0,31.57977,41.118458676041094,35.44537251674907,33.61483205946532,32.75645022290462,32.3293839963036
570.0,39.98222,40.300718023359735,34.72366996324526,32.860029098630854,31.98233849667987,31.50154864415805,570.0,34.42855,39.959916616764886,34.419092412189684,32.56453269151713,31.693651733902055,31.215804541897867,570.0,32.55813,40.2960239239217,34.740363608999814,32.904226269472716,32.04913390857963,31.589553924655988,570.0,31.69487,40.51546670512051,34.92734074977967,33.109654171482404,32.27408601623272,31.83599716304347,570.0,31.20569,40.537752996280666,34.91626849821969,33.11444476865468,32.29569717506679,31.875674302770562
580.0,39.57936,39.851154681295654,34.336452282564764,32.479934851293805,31.603193085579566,31.116446186003287,580.0,34.08325,39.547254960156344,34.06870112097124,32.22841752084694,31.36769465930248,30.886234658883744,580.0,32.21284,39.84954931284315,34.35387142523039,32.5380777627081,31.703471946304706,31.24217432105852,580.0,31.34957,40.00867279554638,34.47880733634466,32.6853645628622,31.87941783763617,31.440690551301095,580.0,30.86039,39.9662213555126,34.402192480488615,32.626912444267596,31.84520496992986,31.42559909455011
590.0,39.14772,39.41968988609012,33.965660599602685,32.116701246810734,31.24050080824328,30.747487948887823,590.0,33.73793,39.1461202711424,33.72913670447947,31.902882363224684,31.05196922655238,30.56448436519019,590.0,31.8963,39.409745996639174,33.97558970937866,32.179196520194914,31.36363126247297,30.895825251430523,590.0,31.00426,39.51310048472606,34.04557829805741,32.27443419793574,31.495124549461252,31.049265675910835,590.0,30.54386,39.415958458910495,33.91571007637649,32.16399703072463,31.414924522392273,30.98808582071416
600.0,38.77364,39.0049347470144,33.60964187317491,31.768231883162194,30.892666969497355,30.392206001716904,600.0,33.39263,38.756422223607174,33.40049628840698,31.587661565492976,30.745803203700337,30.248950113580076,600.0,31.551,38.97920822460312,33.60832799838755,31.829807290244286,31.03095522920999,30.550968369932793,600.0,30.68774,39.03497224006798,33.633997536208895,31.882457869031892,31.125448087899258,30.66526329290051,600.0,30.19856,38.89699140975909,33.46681995068005,31.73487113410566,31.012283265386838,30.569987469405817
600.0,38.37078,38.60565085347571,33.26770124735516,31.433388140363302,30.55812726259591,30.049019780339346,600.0,33.04732,38.37812699412076,33.08289059324118,31.282412354506032,30.4483544954504,29.93790236460158,600.0,31.23447,38.56000304288557,33.254171523804494,31.491298753010874,30.705858821900968,30.207401403047363,600.0,30.37121,38.57898856086572,33.24852641106563,31.513071359017662,30.772666307798083,30.29066342383109,600.0,29.88202,38.41669774731812,33.06236845069723,31.345540993667328,30.641648098460532,30.17557267906704
590.0,37.9967,38.22113668935336,32.93959022277037,31.111448726190574,30.235713366464303,29.71620021139636,590.0,32.7308,38.011225692944286,32.77638313432264,30.986658911808217,30.15853400937758,29.62944109138086,590.0,30.91793,38.15359720573685,32.91438960458975,31.164134772428433,30.38773789047859,29.864226027557322,590.0,30.05467,38.14813521936894,32.89154608636475,31.16777025210311,30.4369393335868,29.925762473016245,590.0,29.59427,37.97944247798267,32.70570255711554,30.998521198897006,30.304050018326407,29.806257115455388
580.0,37.6514,37.850715372235726,32.62455751817191,30.801596294687922,29.924577154674843,29.391290629950213,580.0,32.44303,37.65570025777539,32.480921205581325,30.699725397178923,29.8749301362184,29.321484635606108,580.0,30.63018,37.760840447021366,32.589401616414456,30.84783744838253,30.07496809237528,29.519904017349248,580.0,29.76692,37.743622342595536,32.56330260507809,30.845887796420158,30.11633202934489,29.56921017922275,580.0,29.30651,37.58643638141686,32.39656384117499,30.692763648874966,29.997172734302296,29.460577025939394
570.0,37.30609,37.493224152868116,32.321300495691005,30.502397184782243,29.623201847269158,29.071880753548204,570.0,32.15528,37.31150156979127,32.196295151976514,30.42068930880829,29.595746763299207,29.011814339719734,570.0,30.37121,37.38199670004432,32.278795089109735,30.541037277307257,29.764991023763884,29.172393751615505,570.0,29.50794,37.36494404002201,32.26198533026128,30.544721760484325,29.80700244430969,29.218192533314912,570.0,29.01876,37.235807683505676,32.13121566981713,30.423831383799023,29.715594032827514,29.134393020132336
560.0,37.04711,37.14647255775123,32.02788016991182,30.211241988359983,29.328837186767828,28.754516980799185,560.0,31.92508,36.97856921279035,31.922140879649124,30.148387348980275,29.318797344462798,28.698176022078,560.0,30.141,37.016814088213316,31.981389732487198,30.24158475720828,29.454483430923244,28.819355298220785,560.0,29.27773,37.01004372074247,31.983925936364326,30.259795391573128,29.50353927989762,28.868740194182465,560.0,28.81733,36.92287022862879,31.90278650722056,30.18429714915465,29.451256182447356,28.821300570613555
550.0,36.64425,36.80850022151794,31.742528764708243,29.926043606532534,29.038721118564183,28.43494510242197,550.0,31.60855,36.65689302765669,31.657971811686107,29.881470205792965,29.041569681692756,28.378454452961165,550.0,29.82446,36.664622800900936,31.69533973296523,29.946715399196396,29.13960191891922,28.458407915903212,550.0,28.98998,36.67556768286982,31.72390238309838,29.985233437779364,29.199425202779395,28.51613645378142,550.0,28.5008,36.64056363511557,31.701803868899393,29.964337037460197,29.194130580423717,28.513213796522972
540.0,36.32772,36.479782989025765,31.464935453274094,29.646501463745537,28.75130038165917,28.110167759864638,540.0,31.34957,36.346543313575935,31.403190420488283,29.618437591516482,28.76131157657781,28.05089302119995,540.0,29.56549,36.32444904459767,31.418266162735883,29.65325833487525,28.816291594105707,28.087419424889987,540.0,28.731,36.35718788694932,31.475530100676547,29.714230666701713,28.88759724974494,28.155394567646375,540.0,28.24182,36.380034589047355,31.51688629844369,29.752481399930836,28.9330324097843,28.201081026832675
530.0,36.03996,36.16046375764201,31.194826262036106,29.372214837980664,28.4651965658926,27.776383317031296,530.0,31.09058,36.04761837116506,31.157044646925172,29.357615011976584,28.475096127267317,27.71431546916764,530.0,29.30651,35.995135446188016,31.147413011199713,29.357879567241913,28.480644852126773,27.70480381353234,530.0,28.47202,36.0499738846659,31.231720783965326,29.439587313011323,28.561070724018876,27.781771408064174,530.0,28.01161,36.13132338651012,31.33555464525598,29.53647851570693,28.656533547421308,27.875684609982667
520.0,35.72345,35.84942808068625,30.931012630951994,29.101724009557923,28.17818334987367,27.42733898495384,520.0,30.86039,35.76017515672473,30.918568360253587,29.097129729068953,28.1798997300356,27.368400365126455,520.0,29.0763,35.67546207364473,30.879822965762113,29.057352846341757,28.12929558020982,27.309801323210287,520.0,28.24182,35.748793394912546,30.985187494169107,29.154283249565182,28.213588922226158,27.391283009350325,520.0,27.78142,35.88411601814067,31.145118923805107,29.30422133230096,28.35391656591239,27.52847354913079
510.0,35.43569,35.54609855573196,30.672247489569713,28.832415728755358,27.886575323442546,27.055325124684376,510.0,30.6014,35.484186760169514,30.68654569013381,28.834951392621942,27.872755838173347,27.01406384339539,510.0,28.87487,35.364263809008115,30.612529928395478,28.748850434915557,27.759831412319834,26.90271122684383,510.0,28.04039,35.44872070791621,30.728972975492663,28.852060250830313,27.840257807580347,26.981187769061204,510.0,27.55121,35.62851945820701,30.933593168984427,29.044684050124577,28.016109617046038,27.15237584439724
500.0,35.1767,35.24946483620151,30.417144519573178,28.560819793217355,27.585455823059284,26.651142348307832,500.0,30.39999,35.219497245844025,30.459488593243627,28.569012211589158,27.551018462844464,26.653921831942768,500.0,28.64468,35.060539111761535,30.342763909954034,28.430241691522095,27.371200765912583,26.485041258370877,500.0,27.81018,35.1454317942009,30.456976123884814,28.527979532482412,27.438122540723214,26.550405081126794,500.0,27.321,35.355816366047364,30.690588066021032,28.74881355437495,27.63654147559445,26.74253790107041
490.0,34.97527,34.956617994033145,30.16222153749689,28.28191717769018,27.267891227081364,26.258106149303323,490.0,30.2561,34.9657960144554,30.235647305027697,28.297407381155647,27.21274695992999,26.29193317717011,490.0,28.52958,34.76354410276895,30.068161516571504,28.100381225094,26.964083162470253,26.059545625292277,490.0,27.69508,34.83556471074243,30.16444949084225,28.17892008297473,27.00664199321189,26.09984116538089,490.0,23.72406,35.05915517465725,30.40812989383296,28.410320874116987,27.21185823926152,26.29694093266929
480.0,34.62997,34.66489443814075,29.90400836036413,27.99021518421356,26.925414339664265,25.92772169447164,480.0,29.93957,34.72263435570764,30.013081689545658,28.01866912791095,26.857214773281314,25.931231911228394,480.0,28.21304,34.47286392489061,29.7869714981519,27.759361873532583,26.54118232401248,25.630176297349347,480.0,27.40732,34.51702376712571,29.84843881993463,27.8039826073782,26.548018581372993,25.632598897326165,480.0,26.40019,34.73413262593135,30.0813547067329,28.02632016581462,26.742448260408434,25.81684880334057
470.0,34.371,34.37403639702834,29.642088143300406,27.682191310010637,26.550274973430845,25.611955385914296,470.0,29.70937,34.48939752559466,29.789705211682985,27.73204095468627,26.48548307087066,25.572503607975378,470.0,28.01161,34.18845147059019,29.49824098988586,27.408702629850133,26.107393610977844,25.20203326265425,470.0,27.20591,34.189206165512005,29.508134271679122,27.404764707241835,26.06734463472963,25.15405186470009,470.0,26.28509,34.37922835045179,29.70902896021295,27.59776735848293,26.23272987584942,25.307048069683695
460.0,34.11201,34.08337565664181,29.374870054910744,27.352330719076093,26.132603744719137,25.252988576147917,460.0,29.53671,34.26516829727753,29.563236082142062,27.437706211309255,26.100975131878194,25.215665995509568,460.0,27.83896,33.91062502888256,29.20196752331404,27.05143988689176,25.66979294614345,24.781357053753823,460.0,27.00448,33.85313069351185,29.145102590405667,26.98547569973369,25.57253366992729,24.67176272680912,460.0,26.1412,33.99605523479906,29.293852238362245,27.12965768678391,25.691167315191656,24.775849075209013
450.0,33.88182,33.790390279948305,29.097619392874503,26.991368390763324,25.657905955960207,24.836868371141563,450.0,29.3353,34.048558022041156,29.33117409083101,27.137068876897693,25.71010459923609,24.862774032208314,450.0,27.63753,33.6400201040965,28.899203014190764,26.692090082289443,25.237392903925475,24.37547237469231,450.0,26.83181,33.51144965841081,28.763370307158944,26.552864589322972,25.074015837750313,24.19522493696195,450.0,25.96855,33.58939521460808,28.842504607537105,26.63095090517792,25.12999353176723,24.234826970848204
440.0,33.62283,33.491940774516564,28.80495029997474,26.58848843270651,25.107521231595356,24.34780075872687,440.0,29.13387,33.83757521731983,29.090893074594817,26.833143857850132,25.323015617641854,24.519586717292015,440.0,27.4361,33.37749200736196,28.59209321988188,26.33644878872577,24.820609459870067,23.992521319631205,440.0,26.63039,33.16832767223593,28.36933043032156,26.11594245845997,24.58419177687716,23.735411293906203,440.0,25.76712,33.166997885029026,28.365410576873067,26.114204909647114,24.564634107303426,23.69829363291445
430.0,33.39263,33.18453334254038,28.490943775061037,26.130155682842833,24.45787876610526,23.766192681302297,430.0,28.93243,33.629508301729366,28.839793068165925,26.53099166350215,24.954385242852396,24.196304308641476,430.0,27.26345,33.12396443672947,28.28383018814373,25.991186582284882,24.430379577752777,23.640862374651988,430.0,26.45774,32.82917428760824,27.971449369554836,25.68549134215132,24.11665846425826,23.304126595873065,430.0,25.59447,32.739128978650065,27.87620375366729,25.59491250194147,24.012843054322502,23.182505452689735
420.0,33.33507,32.86082645329597,28.145497080518577,25.684639687508213,23.879640385729033,23.241452158484144,420.0,28.90365,33.42084548070404,28.575515178954625,26.236814133147302,24.621057917694973,23.90545070698309,420.0,21.76734,32.88021767208504,27.97849046463078,25.663221251120117,24.076919143005597,23.328107084725364,420.0,13.88286,32.50022211742174,27.579757608120122,25.27336559329745,23.68524391339283,22.913183444743602,420.0,14.60225,32.3178672794266,27.390890945144577,25.090551603568997,23.49357820364009,22.704627160544756
410.0,32.96099,32.511487859659276,27.755534395754328,25.331774954632408,23.57236740789161,22.948143340046908,410.0,28.58712,33.20730160852111,28.296295278943575,25.954190399465723,24.33291807277094,23.65382303716749,410.0,26.22754,32.64660767827511,27.680727854349122,25.358935221506968,23.768321221052542,23.0599680546384,410.0,24.58734,32.18794824930996,27.20511737641512,24.891607037527805,23.30290999557707,22.57344325003983,410.0,23.89673,31.916161747920615,26.926731373082355,24.61937563230543,23.025659614495442,22.28148703025992
400.0,32.75956,32.130189252170666,27.309758619126363,24.992669028930695,23.367255904309218,22.73796852544441,400.0,28.38569,32.98385637907282,28.001370172441888,25.681194262677703,24.085779903854892,23.436203836816087,400.0,26.25631,32.42270492474462,27.395285889751477,25.083407834164095,23.509430626197656,22.839301348575646,400.0,24.93264,31.89834476719057,26.85827366221718,24.55140721067823,22.980593076711035,22.293777495249024,400.0,24.27081,31.54667519387429,26.500865273395714,24.198987156168364,22.626267871596415,21.92817272315443
390.0,32.52937,31.708528695212188,26.79325179427121,24.573921947708172,23.065728507244188,22.43348923826743,390.0,28.24182,32.74468202016124,27.691310724883273,25.412721868247168,23.86643115662968,23.239752630390605,390.0,26.1412,32.206844187713074,27.12629660742245,24.8397692455432,23.30128158256182,22.66559669172126,390.0,24.96142,31.636054162290687,26.548711511013085,24.261955082305946,22.72604211782532,22.079999551007052,390.0,24.32835,31.22045622045029,26.12874559629417,23.844753616949273,22.309349674965137,21.656528921478337
380.0,32.32794,31.233152304390448,26.183240577485222,24.053502483368224,22.6426245557363,22.007953391089163,380.0,28.06917,32.48307635063506,27.368394288632516,25.144655021005594,23.661909827138615,23.052201763224858,380.0,26.02611,31.995583758399047,26.876338774493547,24.628576819963495,23.140899111260705,22.53474192038735,380.0,24.90386,31.403397184280433,26.283362572174408,24.029210551093026,22.542692127372543,21.933802323496696,380.0,24.27081,30.94549664682029,25.8224456418588,23.568138382810886,22.084006172196556,21.47362781868013
370.0,32.12651,30.68675512772055,25.450885994376858,23.405583445864636,22.073296910009816,21.436089006274933,370.0,27.89651,32.191542305216196,27.037137895449703,24.87579862307193,23.463464923336915,22.865436708666614,370.0,25.88223,31.783076748216597,26.645232948952074,24.447013789764206,23.021023640599083,22.438674094360266,370.0,24.81753,31.1993338003603,26.065226780008864,23.85465172402938,22.42859903670872,21.85173080362265,370.0,24.18448,30.72524625872487,25.5889327964272,23.3750331922563,21.952945872079415,21.380291918593
360.0,27.86774,30.11276022249938,24.763351200720574,22.78787167241319,21.519150835626526,20.880070128900826,360.0,15.17776,31.86098595873589,26.701728629879405,24.605509536091486,23.26429351355693,22.673184673713834,360.0,13.96918,31.560372490453823,26.42860209203927,24.287826989369595,22.929525143719637,22.364716405156532,360.0,12.81817,31.018411688329596,25.89199961704089,23.734061994730023,22.375472172020817,21.824231585692942,360.0,12.12755,30.55716943846371,25.428412352392108,23.264188349479817,21.911088994025288,21.369755380008126
350.0,31.14815,29.562133755274754,24.315440701716014,22.385701076223675,21.16917662475152,20.52969955005539,350.0,26.02611,31.477848935765184,26.356696470196702,24.324857746453034,23.050559463914535,22.46194803369278,350.0,24.0406,31.31473156005756,26.21643822861627,24.138204038251533,22.84867101355606,22.294777055175484,350.0,23.03347,30.84976917531584,25.754816173900775,23.656444266432047,22.367863135102734,21.834844785793457,350.0,22.4004,30.431437786624883,25.332853859034007,23.225843431743694,21.944412897776022,21.426554271876004
340.0,31.11937,28.962287880758463,23.926427141373246,22.0320452070883,20.8560000423238,20.216177551565572,340.0,26.40019,31.022053676192687,25.979785202085388,24.009744583509324,22.79432718745337,22.203887196954188,340.0,24.501,31.029112211868988,25.992152377468926,23.979041523820324,22.754702995608216,22.204872681493587,340.0,23.52265,30.676266825736867,25.637228439184906,23.603159008778416,22.382584061919374,21.85961753184929,340.0,22.91836,30.329858120577487,25.284814009414454,23.24066224045795,22.029127277272078,21.525735983419718
330.0,30.97549,28.22437501412952,23.382069736221528,21.523823828577555,20.375900197180854,19.73342723575779,330.0,26.45774,30.46916211440728,25.53737469838394,23.62581001178916,22.45837999503665,21.861694514022474,330.0,24.61611,30.68193341251211,25.732427891904617,23.784914988307168,22.618042691639968,22.06530056276473,330.0,23.63774,30.473820929528518,25.514513041742823,23.547369443760154,22.38841997270542,21.86680890460584,330.0,23.06223,30.225135350690127,25.256664071058637,23.27907038801559,22.131261955929,21.632472544528827
320.0,30.83161,27.307992523628553,22.64005492507377,20.816867303362486,19.68559888921252,19.03659820530143,320.0,26.40019,29.794311984476995,24.994511068171512,23.13783151543531,22.005560758758573,21.398059814503714,320.0,24.61611,30.247051789779366,25.407693272608125,23.524588765406353,22.40397073011123,21.84130387377212,320.0,23.66652,30.21100559123167,25.35337181897878,23.453848550354778,22.346176005569678,21.816930872340116,320.0,23.09101,30.080564247634637,25.210316933397454,23.301082524982913,22.20673933923768,21.702151773041564
310.0,30.68774,26.163026664173277,21.65411376050109,19.864380625164642,18.73798179507942,18.077685919932883,310.0,26.34263,28.974922955550692,24.319938218126264,22.514554618751134,21.40351342683545,20.78052561411417,310.0,24.55856,29.693793866862848,24.982768759400177,23.161652177989204,22.073372213529872,21.493817430813102,310.0,23.63774,29.84898514924138,25.11205936624107,23.279179579220045,22.209081527575123,21.6631494704955,310.0,23.06223,29.850232876127308,25.097530387641655,23.25668981054734,22.20198860555608,21.681004813385
300.0,30.51508,24.72500167916466,20.364020051804705,18.607374511921982,17.47297543673494,16.79541724849538,300.0,26.28509,27.99292781950173,23.488365844693647,21.7309058034982,20.626835526355535,19.98372785861457,300.0,24.501,28.98691190870502,24.417378185724928,22.654992541923175,21.58326579502235,20.980005134518056,300.0,23.58019,29.341840029954522,24.740963844556997,22.972377443287538,21.9235725311242,21.352068581116644,300.0,23.03347,29.479803316883164,24.86084044592272,23.086857653197114,22.055140126529068,21.50730945102402
290.0,11.00532,23.224972066926274,18.995957809652765,17.271846312054894,16.122591568156857,15.42581708528279,290.0,7.35082,26.832600954278178,22.47825748941233,20.765681045376752,19.65464424351357,18.98696641994944,290.0,5.71062,28.08644438436022,23.666464606500014,21.95905227969076,20.8870715705329,20.253539852639932,290.0,4.35817,28.63735523920202,24.18367517718293,22.475968477961796,21.430487085508226,20.82493100175047,290.0,3.43737,28.9079118331586,24.435151580951104,22.725158990895565,21.697816169003218,21.11318544482414
280.0,26.71673,21.94643791045866,17.827054595140076,16.13330075788253,14.970238040534054,14.258046672370812,280.0,22.71693,25.468273720041264,21.25972892947815,19.589394815234662,18.458073985603114,17.761520503752447,280.0,21.01917,26.947776803266084,22.68059940248164,21.02416726812654,19.934927988962222,19.26493696011406,280.0,19.98326,27.678342054434765,23.37858227333754,21.72757509896735,20.666720238173518,20.019282278532213,280.0,19.35021,28.068200385137622,23.749979232713866,22.100038784770717,21.057506792475046,20.426970256130883
270.0,27.72386,20.596919659994295,16.57334290316207,14.90927278426593,13.728353920434998,13.00027866385839,270.0,23.75284,23.855353786558023,19.785638174321925,18.155347597787625,16.991055959552785,16.261278919927562,270.0,22.0551,25.522540396972733,21.40711383446459,19.797621564939174,18.674712937383458,17.962603909563825,270.0,21.07673,26.40454252774687,22.261027223507302,20.66203917382384,19.56737370014054,18.871130798107913,270.0,20.44366,26.891954426890802,22.732303504109254,21.13767057710441,20.060487482841157,19.376130513967816
260.0,28.06917,18.795797722805684,14.864618238225733,13.232416385917954,12.020968105629652,11.270378727518692,260.0,24.12692,21.941176520770384,18.00197261175135,16.40989866961306,15.200782208610107,14.433395095650697,260.0,22.42918,23.760722485751817,19.792328839535486,18.225800135968587,17.05416396766268,16.295003993131076,260.0,21.47959,24.755111302597992,20.765996975494943,19.21407097779099,18.06838922817292,17.31759002227204,260.0,20.8753,25.311279770754226,21.309952719044855,19.765326908392865,18.635198363126666,17.890627335059786
250.0,28.18426,16.396829657199525,12.558765121963152,10.961749930086011,9.703251782512039,8.920657911591753,250.0,24.27081,19.684637606877512,15.86679422479903,14.311240113611383,13.0469419685234,12.237893296069451,250.0,22.63061,21.613529760314094,17.784450467651304,16.25701590208017,15.023665865196012,14.213491013035036,250.0,21.68102,22.6715963040072,18.83126741753234,17.321344995874643,16.109588863619642,15.299921832094011,250.0,21.10549,23.262707370949073,19.415394346890654,17.915144966032752,16.715966638035304,15.906615152903992
240.0,28.21304,13.234590211744528,9.494064908863088,7.9359710312041685,6.610383606435571,5.782818589814177,240.0,24.35713,17.06975368933793,13.36329954931857,11.842344784170052,10.515032376308396,9.661278394363434,240.0,22.71693,19.036036825733618,15.336203588403377,13.844094551074681,12.53876530326587,11.67485279889682,240.0,21.76734,20.101288250092583,16.400869016409054,14.927917389673299,13.63799900015962,12.766853343718516,240.0,21.19184,20.691073463116144,16.989772538623182,15.528130882627822,14.246918105734782,13.370317929326433
230.0,-23.41016,9.938361114429165,6.289793135141999,4.7694133813753705,3.3719455817254835,2.4956585341540216,230.0,-26.40281,14.102556751629994,10.496580340354496,9.007769137999246,7.613117200128682,6.713337723723936,230.0,-27.64015,15.98896106236528,12.406577906156384,10.946098019784946,9.56177431223876,8.642906819895844,230.0,-29.79831,17.000803707956635,13.428741470388202,11.987836919244995,10.611333675739592,9.678038842285897,230.0,-31.15076,17.55348687941252,13.986999075219456,12.558213561793256,11.185893043151172,10.241896495553238
220.0,9.62409,7.432539621406,3.853445523809913,2.361285605986594,0.9142176120931786,0.0032972458509535896,220.0,6.25736,10.77781665101673,7.26080277376282,5.80112485427803,4.338441652629484,3.3932457901607465,220.0,4.87614,12.440000685891514,8.962132512362368,7.529629379333895,6.062912926090374,5.089597856956889,220.0,3.17838,13.339788984235893,9.882468985549947,8.468843518020375,7.001537248939662,6.007565167812592,220.0,2.08492,13.823166650076455,10.377678761697567,8.976132732861728,7.508157418536415,6.499097136394201
210.0,14.34326,5.243760582839286,1.715697064628179,0.24316002253930447,-1.2325786272466124,-2.163957211391566,210.0,10.89021,7.047177983019133,3.6079180052200472,2.1741284998639387,0.6454154672350705,-0.34315562328471694,210.0,9.45144,8.366358686781272,4.979464527185552,3.571309551428318,2.02262415678844,0.9972553267167545,210.0,7.92633,9.104624444218258,5.746980975192466,4.356040365172378,2.79828007250058,1.7473943022484477,210.0,6.94798,9.492911234270192,6.15263111062003,4.7729261316684095,3.2096821037394174,2.140454187065859
200.0,16.61653,2.5043486071080405,-0.9784837694012793,-2.4345218048264208,-3.9338617827496405,-4.881717638449287,200.0,13.1347,2.8360862788662113,-0.5355475562829549,-1.946594522602592,-3.537648533436263,-4.56670053579514,200.0,11.69593,3.7597060439302163,0.45007607843701575,-0.9373556367059495,-2.5636744307006114,-3.6366959231015534,200.0,10.22838,4.301922324391069,1.0280178816388668,-0.3446605830200939,-1.987785419995566,-3.0894484509543143,200.0,9.30756,4.577947742469428,1.3257593111177588,-0.03723086424634895,-1.6902476664526378,-2.8121899636394847
190.0,17.99776,-1.1360781234096835,-4.574210811959333,-6.014403620443121,-7.539406873417484,-8.505494350288158,190.0,14.51591,-1.9104833351844945,-5.223404954621764,-6.614667563777333,-8.262928220914162,-9.328802512537877,190.0,13.04838,-1.367231170670603,-4.6131664779846675,-5.9835263461306045,-7.67920742867002,-8.79337248704509,190.0,11.63837,-1.038527467003663,-4.244974751609664,-5.603656225109272,-7.32233977642264,-8.466271723079007,190.0,10.77511,-0.882089004376844,-4.063979442656121,-5.415077506573879,-7.147327236956386,-8.312079861502388
180.0,18.94735,-6.010749970340342,-9.400880849272225,-10.823920960849705,-12.382514540337654,-13.372570569456503,180.0,15.43674,-7.192418208323301,-10.454707224402611,-11.82908485363506,-13.527501642657532,-14.625371078886259,180.0,13.96918,-6.974836840240144,-10.170323103301438,-11.52732891433284,-13.280196386335334,-14.426811010372239,180.0,12.64552,-6.86180197796889,-10.016952431965983,-11.36576118674225,-13.145708245965801,-14.321126295487613,180.0,11.78225,-6.822273955576948,-9.95172345643278,-11.295432270692443,-13.091642016493646,-14.287063694358682
170.0,19.60918,-12.499830387009622,-15.834610193595841,-17.237610174231666,-18.84410080224687,-19.867283718669313,170.0,16.09857,-12.928367727453304,-16.147970464859963,-17.50857191825092,-19.24719250971107,-20.370319084872857,170.0,14.63102,-12.99389602176181,-16.15176036373051,-17.49923279488374,-19.293326839252632,-20.461493255701498,170.0,13.33613,-13.08728240296391,-16.206770888334326,-17.549700662398465,-19.37255976276509,-20.56661416584977,170.0,12.53041,-13.152781077066912,-16.247145652922345,-17.587639577990878,-19.42835056508267,-20.64038615593145
160.0,-80.0115,-19.445502968297,-22.72332546563788,-24.106297801886363,-25.766432344687622,-26.826582582603525,160.0,-82.91783,-18.955645915954577,-22.141180410514263,-23.491623898612715,-25.256395416096193,-26.395276131146506,160.0,-84.1264,-19.327507561040985,-22.46009537951039,-23.80197046352036,-25.617827796466248,-26.794539246131556,160.0,-86.28457,-19.609709135166085,-22.708296892752408,-24.049206781479764,-25.89320830791769,-27.09131038356291,160.0,-87.66579,-19.7606431732152,-22.83627603513833,-24.177393182349928,-26.03972470445482,-27.25283506568787
150.0,-39.84095,-24.729278946393656,-27.963510146030995,-29.333101748219487,-31.027172465033065,-32.11139515919448,150.0,-42.80482,-25.096100718404276,-28.257262735284527,-29.60178183389284,-31.373951370550696,-32.51587239880758,150.0,-44.04217,-25.85707355857984,-28.976156796845387,-30.316454407193568,-32.13162493089766,-33.3020322495403,150.0,-46.28666,-26.301822921500708,-29.39309629474298,-30.73568635612305,-32.57647571120251,-33.76274980912861,150.0,-47.7542,-26.512889455530743,-29.584710417387868,-30.929940628688875,-32.78853980433542,-33.98622807115308
140.0,-29.39545,-28.550655536261488,-31.758833916051916,-33.123623689568994,-34.819190538815214,-35.905419254133804,140.0,-32.41688,-31.239629119913317,-34.38689215603672,-35.73012286954109,-37.486867252609635,-38.61628701778449,140.0,-33.683,-32.44901572799052,-35.56563627709593,-36.90837649961885,-38.69821779818436,-39.84610060539056,140.0,-35.81239,-33.01834689549778,-36.11445540081112,-37.462219668712486,-39.27386212320962,-40.4317144072981,140.0,-37.1936,-33.26097543385332,-36.342116771498944,-37.69458212257056,-39.52271768959677,-40.68813447049226
130.0,-23.32383,-32.24629353229208,-35.4414674516629,-36.80738936231266,-38.47584289010976,-39.54447492435493,130.0,-26.34525,-37.34712511081784,-40.49106917142274,-41.837684463731925,-43.55358277127703,-44.653109195014686,130.0,-27.66893,-38.95854267747847,-42.08279135406004,-43.431867418024524,-45.170595640528695,-46.27902685834815,130.0,-29.71199,-39.60102180644024,-42.71245208210309,-44.06861072364027,-45.82472850433337,-46.93751259962042,130.0,-31.03565,-39.8463376889116,-42.94786947674002,-44.31029634184262,-46.08104494095075,-47.19764759864816
120.0,-19.12261,-36.49041326109183,-39.683387525247944,-41.054115545953664,-42.67115437757268,-43.70517870776528,120.0,-22.17281,-43.386770177651066,-46.53746695600285,-47.89188240135945,-49.54047859059832,-50.59193766611487,120.0,-23.49648,-45.23015456581895,-48.370910874560145,-49.72993719661093,-51.39186315200889,-52.44401975885243,120.0,-25.45321,-45.88453712544231,-49.019924054566005,-50.38734002713973,-52.06232683549508,-53.114073809543804,120.0,-26.74811,-46.106837373820774,-49.23757375711319,-50.612257681806504,-52.29972339729805,-53.351958135462475
110.0,-15.9573,-41.84441233486848,-45.04444895915762,-46.423035501378116,-47.96615668869028,-48.949116769835804,110.0,-19.03628,-49.27398738207349,-52.44050989901773,-53.80670062982764,-55.36190495465384,-56.34733488202566,110.0,-20.35996,-51.097928748908004,-54.26259154180301,-55.63474475892667,-57.19560800479069,-58.17566733763605,110.0,-22.25913,-51.70334865786486,-54.86932887591128,-56.25041701339472,-57.82066341144531,-58.79683338356995,110.0,-23.49648,-51.8837951697701,-55.050181848279976,-56.438948385340936,-58.01945162202109,-58.993422334003135
100.0,-13.45384,-48.867019662016396,-52.082438552827576,-53.472445824008446,-54.91855153564177,-55.83347806033421,100.0,-16.53282,-54.82788419262453,-58.01787888780229,-59.39923160507128,-60.83667307452735,-61.73932331283331,100.0,-17.85649,-56.389298215930964,-59.58353419581693,-60.97140057472897,-62.40971633135908,-63.30377578248506,100.0,-19.69812,-56.89936798437604,-60.10048343672952,-61.49712131518111,-62.94217758443697,-63.83038358969326,100.0,-20.90669,-57.02926035764043,-60.23534244800944,-61.639508519304464,-63.09267933173361,-63.97676477043049
90.0,-130.51246,-56.247891546522105,-59.48661039029265,-60.891874890461224,-62.21250691207517,-63.038484031899216,90.0,-133.64899,-59.76423189213891,-62.98351707963851,-64.38265726842958,-65.6811859412075,-66.48664359684474,90.0,-135.00144,-60.9348301149259,-64.16236517168768,-65.56780584079091,-66.86613904503557,-67.6630940178192,90.0,-136.95817,-61.33029559542791,-64.5689557422792,-65.98240609565462,-67.28600753274452,-68.07665950731273,90.0,-138.25306,-61.413099098646,-64.66056727413086,-66.08090839763221,-67.39062260274035,-68.17600387713605
80.0,-88.50028,-61.390891452112015,-64.65953957941494,-66.08348763942345,-67.24671460854684,-67.96078970314878,80.0,-91.69435,-63.77382761038179,-67.0260099392035,-68.44460549479594,-69.58809946902856,-70.2856309325787,80.0,-93.07557,-64.58367018380808,-67.84614846933253,-69.27019488076529,-70.4162650300596,-71.10857099196936,80.0,-94.5719,-64.87802196851803,-68.15453264182388,-69.5853866141824,-70.73626999001695,-71.4230882255065,80.0,-95.49272,-64.9294446171726,-68.21775584239427,-69.65448465039253,-70.80958858289026,-71.49065250990371
70.0,-72.21336,-64.35804746264911,-67.66146272440054,-69.10639927360064,-70.08781235165624,-70.67330706426962,70.0,-75.46498,-66.63155904903614,-69.91770364824838,-71.35628590644676,-72.33557439469622,-72.91951840179169,70.0,-76.90376,-67.22047461612839,-70.51740997926287,-71.96020303232463,-72.94770839547874,-73.53194238014039,70.0,-78.11233,-67.45621114100477,-70.76887587486196,-72.21702498157731,-73.20947470341865,-73.78982839690505,70.0,-78.86049,-67.50204440485996,-70.82861163367792,-72.28137251359121,-73.27615392276182,-73.85074432262084
60.0,-116.41248,-65.8346569503851,-69.17386579671631,-70.63972379335348,-71.42972037810767,-71.88121562905151,60.0,-119.86554,-68.22959701148682,-71.54802521895289,-73.00588690877152,-73.82024301044135,-74.29104174844198,60.0,-121.39064,-68.77849304309784,-72.1073344787457,-73.56811930002834,-74.39716709914119,-74.87430469766782,60.0,-121.99492,-69.01609667362746,-72.36139252362987,-73.82603482596183,-74.66011392853886,-75.13515203328477,60.0,-122.2539,-69.08808378130281,-72.4485267111063,-73.91641019894553,-74.75078795589828,-75.22028622850885
50.0,-78.86049,-65.35602915420094,-68.72504611891878,-70.20891561100655,-70.81907670879592,-71.14719477570051,50.0,-82.42865,-68.56356190036541,-71.90991187594149,-73.38514598405557,-74.04278997354477,-74.4072542256793,50.0,-83.98253,-69.24614984022955,-72.60247409386398,-74.07965731350998,-74.7567146877918,-75.1320621967625,50.0,-84.0113,-69.5497160022571,-72.92254060637958,-74.40222340333908,-75.08366773633405,-75.45822597490228,50.0,-83.89619,-69.68016581080303,-73.06861233493629,-74.55019122421595,-75.22961422090209,-75.59884180256104
40.0,-64.58785,-63.62380044526748,-67.01297338921025,-68.51077942527328,-68.96762062130024,-69.1941140093903,40.0,-68.06969,-67.72438087688016,-71.09201842837955,-72.58170810329462,-73.09907404423514,-73.36971150125409,40.0,-69.62357,-68.6671168529327,-72.0449455604926,-73.5362135289353,-74.07355337147196,-74.35632106253107,40.0,-69.76744,-69.09017646411965,-72.48415689783518,-73.97685454496794,-74.51663661916537,-74.79892474584855,40.0,-69.70989,-69.30627402381778,-72.71569963958126,-74.20908683252023,-74.74415132675132,-75.02109891564498
30.0,-91.66558,-61.15841451934981,-64.55519873586684,-66.06143701573683,-66.40672832972484,-66.56309070596498,30.0,-95.46394,-65.8725994034551,-69.25330803315656,-70.75382362173386,-71.1536892038114,-71.34720877942868,30.0,-97.13292,-67.13475686555631,-70.5269758285637,-72.02946316991827,-72.44415354823786,-72.64671250386309,30.0,-96.06823,-67.70894279270752,-71.11679055719797,-72.62001234926132,-73.03361072669286,-73.23470514655011,30.0,-95.26251,-68.02771553144572,-71.45030595296109,-72.9532321080573,-73.35904514354347,-73.55444570023568
20.0,-57.59541,-57.705668310676565,-61.09334613863408,-62.600726102084074,-62.89233483567594,-63.019043889055496,20.0,-61.1348,-63.211578702634164,-66.59645923517381,-68.1038444195767,-68.41244406154831,-68.54760811955973,20.0,-62.71745,-64.78234192075,-68.18118228748047,-69.69167273406376,-70.00423164354669,-70.14114911889226,20.0,-62.51602,-65.51048192769638,-68.9243733330533,-70.43529330019416,-70.74172968023913,-70.87491494813958,20.0,-62.3146,-65.93521399859235,-69.36273491150112,-70.87264216643993,-71.16797484741717,-71.29474807782942
10.0,-49.48074,-53.83913012049253,-57.20552661464987,-58.7082320210256,-58.98794263034447,-59.11281854636915,10.0,-52.90502,-59.97512847961575,-63.355578713007816,-64.86598112580553,-65.10966021316531,-65.20493390882335,10.0,-54.45889,-61.770564654660284,-65.16809349204019,-66.68322961327877,-66.91612460525717,-67.00311021903019,10.0,-54.51644,-62.62486302329379,-66.03682136419118,-67.552419816702,-67.77314465506791,-67.85316000278927,10.0,-54.51644,-63.143473116706254,-66.56763065858664,-68.08177733171614,-68.28806413250544,-68.36066835760373
0.0,-44.27237,-50.20819410682819,-53.54862059672121,-55.04379889967318,-55.327890015034846,-55.460433644225624,0.0,-47.63911,-56.40017410755824,-59.76862372399671,-61.2786387362225,-61.48129710182149,-61.55314639566475,0.0,-49.13543,-58.273670880068074,-61.6622369738594,-63.17871405313843,-63.35490322751608,-63.40780404283865,0.0,-49.33686,-59.1990788653755,-62.60133484015587,-64.11854088236349,-64.27625623892708,-64.31850798896029,0.0,-49.45196,-59.78464528849421,-63.197421588797745,-64.71299192408428,-64.85323980192948,-64.8869720691502
-10.0,-40.30136,-46.94225792320541,-50.25500772993209,-51.74211811339332,-52.036418857605646,-52.179161892979224,-10.0,-43.61054,-52.692940025863905,-56.04316915700924,-57.55000193091192,-57.731949828896916,-57.79416335102328,-10.0,-45.07809,-54.46588953022563,-57.83848398658336,-59.35320851183939,-59.49487645182659,-59.52882355973447,-10.0,-45.39462,-55.38792779966421,-58.77323763129957,-60.289062707195995,-60.40656733053215,-60.426364653969785,-10.0,-45.53849,-56.0012067362937,-59.395156686375806,-60.909369459794725,-61.007042896971434,-61.01732962047534
-20.0,-37.04973,-44.09546150325807,-47.380766044223,-48.86061083434879,-49.16507925123664,-49.317948260274875,-20.0,-40.30136,-49.013324400843466,-52.34048396374102,-53.841943320952836,-54.01975979076771,-54.083443091899994,-20.0,-41.76891,-50.50997201507515,-53.86048587090469,-55.370689328483685,-55.49825455990913,-55.52700778057255,-20.0,-42.11421,-51.34526247089734,-54.70716838579616,-56.21882291565717,-56.31795174089236,-56.32981366981185,-20.0,-42.28687,-51.93875502461012,-55.30725319517447,-56.81746331161201,-56.89540880123462,-56.89712733534835
-30.0,-34.28728,-41.69780047568233,-44.95691093484702,-46.43075446829032,-46.742274827525456,-46.90398625851094,-30.0,-37.53891,-45.4722238418788,-48.77269284432937,-50.267079643152826,-50.45399514251548,-50.52785878801766,-30.0,-38.97768,-46.54893639407107,-49.872316870536174,-51.375625861579664,-51.5070299491974,-51.542522361616676,-30.0,-39.38054,-47.21627513301314,-50.54929900075656,-52.054286745881186,-52.15499930027337,-52.17206832779407,-30.0,-39.58197,-47.73921054303887,-51.07664052796683,-52.580428503520686,-52.65989521564279,-52.666762139173706
-40.0,-46.25788,-39.54193316898356,-42.77440147457121,-44.242185433804714,-44.56323294003921,-44.73541013898755,-40.0,-49.56706,-42.136194447380156,-45.40738223204937,-46.89335467499699,-47.09979657612991,-47.19051641276731,-40.0,-51.12094,-42.701250888247586,-45.993569259942355,-47.488039698406794,-47.63828953969502,-47.69035011582844,-40.0,-51.06338,-43.13128425096533,-46.43105113648059,-47.9272384854366,-48.04689221972356,-48.08047696592778,-40.0,-51.03461,-43.53482849794178,-46.83671059546662,-48.33195589930117,-48.43175942129641,-48.455814701894525
-50.0,-32.47443,-37.368068213709584,-40.572184723197644,-42.03159084897483,-42.37272564927047,-42.56093767359492,-50.0,-35.63973,-39.04188207490882,-42.282085911066574,-43.75859690260774,-43.992483815430425,-44.10492866387766,-50.0,-37.10728,-39.05905427631427,-42.31750202670357,-43.80162665029422,-43.98254955127363,-44.05877567568131,-50.0,-37.45259,-39.20126373110177,-42.46455714743514,-43.950216644135246,-44.10304450160895,-44.162302408107074,-50.0,-37.65402,-39.44332526973054,-42.70638198628985,-44.191317464486175,-44.32718176067278,-44.378390167153626
-60.0,-29.79831,-35.33152413432636,-38.50747350574631,-39.957506738563225,-40.32359176798709,-40.53024776117927,-60.0,-32.96361,-36.20946558843631,-39.41777247382484,-40.88408462504586,-41.15084112251405,-41.28816220846299,-60.0,-34.37361,-35.68856379399944,-38.9113920316885,-40.38408734217652,-40.60426696680061,-40.710023013407024,-60.0,-34.80524,-35.515156804117325,-38.7399113300673,-40.213740352586385,-40.410537875185405,-40.502299264869414,-60.0,-35.03545,-35.564306780924,-38.78646889155708,-40.259714789378386,-40.44381492122907,-40.5297977687545
-70.0,-36.15769,-33.50739214121867,-36.65586521785463,-38.097255898895355,-38.48730575758255,-38.71181123454949,-70.0,-39.32299,-33.64454663827538,-36.820698522423406,-38.27637113015789,-38.57905555715806,-38.7428374735238,-70.0,-40.79054,-32.631858127405245,-35.818273104543486,-37.27884858601566,-37.543720711584605,-37.68224425032469,-70.0,-41.10707,-32.138866378689585,-35.324106079624585,-36.78522275429443,-37.03323848434656,-37.16196548416147,-70.0,-41.3085,-31.977069677389512,-35.1574283070056,-36.61800565155147,-36.858721218942044,-36.984623357939576
-80.0,-27.4675,-31.755403665683954,-34.87670895008048,-36.30916001094312,-36.72421069145951,-36.96666266639842,-80.0,-30.54647,-31.33886294157747,-34.48309669293031,-35.927918413771174,-36.26755865012983,-36.458077317486925,-80.0,-31.98525,-29.90961566327139,-33.05964340342006,-34.5077561813974,-34.81984142336496,-34.99243770163973,-80.0,-32.41688,-29.11571331081093,-32.26144620137672,-33.70936554825735,-34.01237895964134,-34.1802465048073,-80.0,-32.67585,-28.73973872113484,-31.87845100490036,-33.32577523786583,-33.62765264625486,-33.7961420097114
-90.0,-25.53954,-30.171909562662123,-33.26739332411169,-34.6909609476738,-35.13087010069015,-35.39113020054783,-90.0,-28.61851,-29.274893092166824,-32.38778589406421,-33.8217136664009,-34.19764719485756,-34.41412524913436,-90.0,-29.99974,-27.524548801323817,-30.638882237202772,-32.0744821227235,-32.433725788087756,-32.64002787685702,-90.0,-30.48893,-26.468088582508063,-29.575168260869102,-31.009762230923773,-31.368325871008924,-31.575407260776974,-90.0,-30.7479,-25.889612847679057,-28.98777013304655,-30.421626841774387,-30.785537918138072,-30.996928280376995
-100.0,-36.07136,-28.686853435640337,-31.756653446249533,-33.17175087352867,-33.63378847898184,-33.91007354820505,-100.0,-39.20789,-27.428522863729192,-30.51084971735377,-31.933954919423062,-32.34416832329338,-32.58501895562571,-100.0,-40.67544,-25.46521109485075,-28.54505210756528,-29.968322159548798,-30.37251005255318,-30.610782127561244,-100.0,-41.1934,-24.19998492391718,-27.26995053590665,-28.691395958446126,-29.103213103368248,-29.347749432926342,-100.0,-41.56748,-23.44452240780323,-26.503990680298827,-27.92449602919065,-28.34797160306633,-28.60045372637599
-110.0,-24.44607,-27.082094083284332,-30.124681641121505,-31.530239456719514,-32.01124448360145,-32.300477173380095,-110.0,-27.4675,-25.775092451316684,-28.8277523500499,-30.240181799679508,-30.681710313231456,-30.94482353736698,-110.0,-28.8775,-23.709817735489068,-26.75672381790748,-28.168020593954168,-28.613241088089175,-28.880703839306918,-110.0,-29.39545,-22.300078085799893,-25.334983061268737,-26.74370156244802,-27.20410751419036,-27.482838725767447,-110.0,-29.68321,-21.404953802056394,-24.428196108092088,-25.83574510442219,-26.313455193567783,-26.603417391335615
-120.0,-22.66199,-25.488734096289654,-28.504081796795454,-29.899345076278482,-30.39692067761468,-30.697329839501297,-120.0,-25.65464,-24.296587903564877,-27.320595679376915,-28.72257656670398,-29.191897782521604,-29.474938395822083,-120.0,-27.03587,-22.229647884594876,-25.24538864371806,-26.64518462036353,-27.12630816476603,-27.419465875949655,-120.0,-27.55382,-20.745040839789695,-23.747279604713196,-25.143873349918312,-25.646387375584503,-25.954922518206928,-120.0,-27.87036,-19.756675780568884,-22.746565980389224,-24.141772019609657,-24.666119322102546,-24.988535691993818
-130.0,-21.3671,-24.070816273399604,-27.06039655596418,-28.446275824809337,-28.95863352565957,-29.269639638441408,-130.0,-24.33097,-22.978742272124745,-25.975187209029393,-27.367024069295965,-27.860376474088895,-28.161006452529215,-130.0,-25.68342,-20.99169408711244,-23.978119159986225,-25.366947916656706,-25.87809820260184,-26.193049073109787,-130.0,-26.23015,-19.50281461432362,-22.474955011715362,-23.8601417783159,-24.397057381808533,-24.730262785308803,-130.0,-26.54668,-18.473602902965304,-21.433239237652558,-22.816868478854193,-23.37865895415849,-23.72752208608689
-140.0,-20.24485,-22.825493372874725,-25.790973946157457,-27.16870431491703,-27.694081076519918,-28.015325633826553,-140.0,-23.17995,-21.803599081900767,-24.77353692583986,-26.155548448141044,-26.669173844933802,-26.985178909809193,-140.0,-24.56118,-19.960626840429534,-22.91954704432057,-24.2979519882596,-24.83294911082252,-25.165665855532335,-140.0,-25.10791,-18.535625283536373,-21.480252959111017,-22.85480365798404,-23.41778704613257,-23.770173256421582,-140.0,-25.42444,-17.520652928957333,-20.453178756297454,-21.82608280228431,-22.415236093246996,-22.784010812955117
-150.0,-19.29527,-21.74478095462418,-24.68766623153126,-26.05795417740679,-26.594964777972347,-26.92675362135295,-150.0,-22.23036,-20.74677753340856,-23.691102967994635,-25.0635341613964,-25.593866147277122,-25.923217737827756,-150.0,-23.58281,-19.100397919802187,-22.033483776223722,-23.401973352159988,-23.954735805167786,-24.30131028857036,-150.0,-24.12954,-17.802591547792172,-20.72217111903861,-22.086852454649623,-22.66752225025002,-23.0336133490673,-150.0,-24.44607,-16.8563918641288,-19.764829630855523,-21.127879756141336,-21.734142851306476,-22.11621834469649
-160.0,-18.46078,-20.821106058872033,-23.74283491262298,-25.106370862062306,-25.654384787209917,-25.997241032238538,-160.0,-21.33832,-19.777642438570222,-22.696974621225493,-24.059927177862228,-24.603725950590967,-24.944594825601254,-160.0,-22.69077,-18.375703331873456,-21.2844061268922,-22.643419698028993,-23.208317334016694,-23.565168404012642,-160.0,-23.2375,-17.261822547292823,-20.158578906287083,-21.514103313503824,-22.104568291881613,-22.47924018439228,-160.0,-23.58281,-16.435308399148408,-19.322411580996018,-20.67643739448331,-21.290066997045628,-21.679186267897148
-170.0,-28.04301,-19.881611932961818,-22.781784030544156,-24.137887216198013,-24.695587824179302,-25.048418949294426,-170.0,-31.06444,-18.862338659501948,-21.756953042103984,-23.11035501790494,-23.664802761403692,-24.015569112655513,-170.0,-32.50321,-17.753330957026154,-20.638830401450672,-21.988718024926694,-22.56087222659183,-22.924919153375434,-170.0,-33.13626,-16.871937044414576,-19.747758605262096,-21.094742874202613,-21.688078351965565,-22.06685537399764,-170.0,-33.5679,-16.209614477282773,-19.077740931838704,-20.42347591449121,-21.035858198066073,-21.426506038030713
-180.0,-18.28812,-18.726281859426084,-21.601698024736393,-22.947805570704297,-23.51263808954788,-23.87313181446434,-180.0,-21.16567,-17.972556314973016,-20.84243364746255,-22.186092067015938,-22.748905877068676,-23.108232009571662,-180.0,-22.51812,-17.203203565626048,-20.066382514909286,-21.407398892111857,-21.982928335576155,-22.351732302077004,-180.0,-23.09362,-16.592969916752914,-19.449334084090857,-20.788267243084416,-21.378914443317974,-21.758216004554587,-180.0,-23.43893,-16.13052724273944,-18.98153627189605,-20.319572136697676,-20.92375267032335,-21.311485985571483
-190.0,-17.05078,-17.461239031059623,-20.309427564112255,-21.644194844326616,-22.214533751558836,-22.581808224395257,-190.0,-19.92832,-17.092614613643413,-19.937605916205552,-21.271327836388693,-21.840901436454573,-22.20784415631363,-190.0,-21.25199,-16.69873932569515,-19.540179858376494,-20.872488387684275,-21.448698102246652,-21.820571347306547,-190.0,-21.8275,-16.38667477840422,-19.224594602112774,-20.55581485107121,-21.139890986073905,-21.51722192069229,-190.0,-22.20159,-16.149046331964595,-18.984220814730943,-20.314972143790637,-20.906073533416937,-21.287780835922522
-200.0,-16.21629,-16.216289999999994,-19.036279999999994,-20.359959999999994,-20.93547,-21.309549999999998,-200.0,-19.03628,-16.21628999999953,-19.036279999998634,-20.359959999998537,-20.935469999998567,-21.309549999998552,-200.0,-20.35996,-16.21628999782508,-19.036279993576436,-20.359959993407216,-20.935469993324936,-21.30954999327908,-200.0,-20.93547,-16.21629061405109,-19.036280818892855,-20.359960817420895,-20.93547081392184,-21.309550807333913,-200.0,-21.30955,-16.216295583441827,-19.03628986302704,-20.35997002558359,-20.935480060838792,-21.30956009204584
